id,url,image_url
6323003,http://inaturalist.ca/observations/6323003,https://inaturalist-open-data.s3.amazonaws.com/photos/7964228/medium.jpg
6387030,http://inaturalist.ca/observations/6387030,https://inaturalist-open-data.s3.amazonaws.com/photos/8063354/medium.jpg
7799712,https://www.inaturalist.org/observations/7799712,https://inaturalist-open-data.s3.amazonaws.com/photos/10255715/medium.jpg
8257738,https://www.inaturalist.org/observations/8257738,https://inaturalist-open-data.s3.amazonaws.com/photos/10952153/medium.jpeg
8330042,https://www.inaturalist.org/observations/8330042,https://inaturalist-open-data.s3.amazonaws.com/photos/11066559/medium.jpg
13166534,https://www.inaturalist.org/observations/13166534,https://inaturalist-open-data.s3.amazonaws.com/photos/19222403/medium.jpg
15705630,https://www.inaturalist.org/observations/15705630,https://inaturalist-open-data.s3.amazonaws.com/photos/23442503/medium.jpeg
25962330,https://www.inaturalist.org/observations/25962330,https://inaturalist-open-data.s3.amazonaws.com/photos/40270327/medium.jpeg
28027280,https://www.inaturalist.org/observations/28027280,https://inaturalist-open-data.s3.amazonaws.com/photos/43660692/medium.jpeg
28324351,https://www.inaturalist.org/observations/28324351,https://inaturalist-open-data.s3.amazonaws.com/photos/44143910/medium.jpg
28969222,https://www.inaturalist.org/observations/28969222,https://inaturalist-open-data.s3.amazonaws.com/photos/45186191/medium.jpeg
30590203,https://www.inaturalist.org/observations/30590203,https://inaturalist-open-data.s3.amazonaws.com/photos/47798907/medium.jpeg
32636325,https://www.inaturalist.org/observations/32636325,https://inaturalist-open-data.s3.amazonaws.com/photos/51203937/medium.jpeg
32653015,https://www.inaturalist.org/observations/32653015,https://inaturalist-open-data.s3.amazonaws.com/photos/51222099/medium.jpeg
33350436,https://www.inaturalist.org/observations/33350436,https://inaturalist-open-data.s3.amazonaws.com/photos/52374153/medium.jpeg
33350441,https://www.inaturalist.org/observations/33350441,https://inaturalist-open-data.s3.amazonaws.com/photos/52374294/medium.jpeg
35767192,https://www.inaturalist.org/observations/35767192,https://inaturalist-open-data.s3.amazonaws.com/photos/56439290/medium.jpeg
37441173,https://www.inaturalist.org/observations/37441173,https://inaturalist-open-data.s3.amazonaws.com/photos/59354289/medium.jpeg
45727075,https://www.inaturalist.org/observations/45727075,https://inaturalist-open-data.s3.amazonaws.com/photos/72518374/medium.jpeg
45937149,https://www.inaturalist.org/observations/45937149,https://inaturalist-open-data.s3.amazonaws.com/photos/72857116/medium.jpeg
47063295,https://www.inaturalist.org/observations/47063295,https://inaturalist-open-data.s3.amazonaws.com/photos/74640238/medium.jpeg
49993183,https://www.inaturalist.org/observations/49993183,https://inaturalist-open-data.s3.amazonaws.com/photos/79375677/medium.jpeg
50499925,https://www.inaturalist.org/observations/50499925,https://inaturalist-open-data.s3.amazonaws.com/photos/80185119/medium.jpeg
50727614,https://www.inaturalist.org/observations/50727614,https://inaturalist-open-data.s3.amazonaws.com/photos/80567258/medium.jpeg
51187781,https://www.inaturalist.org/observations/51187781,https://inaturalist-open-data.s3.amazonaws.com/photos/81311227/medium.jpeg
51595907,https://www.inaturalist.org/observations/51595907,https://inaturalist-open-data.s3.amazonaws.com/photos/81987519/medium.jpg
51865408,https://www.inaturalist.org/observations/51865408,https://inaturalist-open-data.s3.amazonaws.com/photos/82425492/medium.jpg
52833489,https://www.inaturalist.org/observations/52833489,https://inaturalist-open-data.s3.amazonaws.com/photos/83995966/medium.jpeg
52876437,https://www.inaturalist.org/observations/52876437,https://inaturalist-open-data.s3.amazonaws.com/photos/84076595/medium.jpeg
52878938,https://www.inaturalist.org/observations/52878938,https://inaturalist-open-data.s3.amazonaws.com/photos/84078038/medium.jpeg
53124456,https://www.inaturalist.org/observations/53124456,https://inaturalist-open-data.s3.amazonaws.com/photos/84480852/medium.jpg
53291095,https://www.inaturalist.org/observations/53291095,https://inaturalist-open-data.s3.amazonaws.com/photos/84750843/medium.jpg
53531709,https://www.inaturalist.org/observations/53531709,https://inaturalist-open-data.s3.amazonaws.com/photos/85146309/medium.jpg
53661640,https://www.inaturalist.org/observations/53661640,https://inaturalist-open-data.s3.amazonaws.com/photos/85356884/medium.jpg
53664510,https://www.inaturalist.org/observations/53664510,https://inaturalist-open-data.s3.amazonaws.com/photos/85361704/medium.jpg
53745253,https://www.inaturalist.org/observations/53745253,https://inaturalist-open-data.s3.amazonaws.com/photos/85493811/medium.jpg
54028591,https://www.inaturalist.org/observations/54028591,https://inaturalist-open-data.s3.amazonaws.com/photos/85951249/medium.jpg
54076034,https://www.inaturalist.org/observations/54076034,https://inaturalist-open-data.s3.amazonaws.com/photos/86025460/medium.jpg
54294066,https://www.inaturalist.org/observations/54294066,https://inaturalist-open-data.s3.amazonaws.com/photos/86369767/medium.jpeg
54329265,https://www.inaturalist.org/observations/54329265,https://inaturalist-open-data.s3.amazonaws.com/photos/86442636/medium.jpg
55112313,https://www.inaturalist.org/observations/55112313,https://inaturalist-open-data.s3.amazonaws.com/photos/87737165/medium.jpg
55649080,https://www.inaturalist.org/observations/55649080,https://inaturalist-open-data.s3.amazonaws.com/photos/88626965/medium.jpg
55649158,https://www.inaturalist.org/observations/55649158,https://inaturalist-open-data.s3.amazonaws.com/photos/88627130/medium.jpg
55688694,https://www.inaturalist.org/observations/55688694,https://inaturalist-open-data.s3.amazonaws.com/photos/88692716/medium.jpeg
55850552,https://www.inaturalist.org/observations/55850552,https://inaturalist-open-data.s3.amazonaws.com/photos/88959235/medium.jpg
55977385,https://www.inaturalist.org/observations/55977385,https://inaturalist-open-data.s3.amazonaws.com/photos/89163712/medium.jpeg
56176409,https://www.inaturalist.org/observations/56176409,https://inaturalist-open-data.s3.amazonaws.com/photos/89502435/medium.jpeg
56792913,https://www.inaturalist.org/observations/56792913,https://inaturalist-open-data.s3.amazonaws.com/photos/90530905/medium.jpg
57279697,https://www.inaturalist.org/observations/57279697,https://inaturalist-open-data.s3.amazonaws.com/photos/91350266/medium.jpg
57280340,https://www.inaturalist.org/observations/57280340,https://inaturalist-open-data.s3.amazonaws.com/photos/91351204/medium.jpg
57415766,https://www.inaturalist.org/observations/57415766,https://inaturalist-open-data.s3.amazonaws.com/photos/91579767/medium.jpg
57416694,https://www.inaturalist.org/observations/57416694,https://inaturalist-open-data.s3.amazonaws.com/photos/91581156/medium.jpg
58712898,https://www.inaturalist.org/observations/58712898,https://inaturalist-open-data.s3.amazonaws.com/photos/93757808/medium.jpg
58848925,https://www.inaturalist.org/observations/58848925,https://inaturalist-open-data.s3.amazonaws.com/photos/93981910/medium.jpg
60548666,https://www.inaturalist.org/observations/60548666,https://inaturalist-open-data.s3.amazonaws.com/photos/96828394/medium.jpeg
62147877,https://www.inaturalist.org/observations/62147877,https://inaturalist-open-data.s3.amazonaws.com/photos/99536777/medium.jpeg
64125049,https://www.inaturalist.org/observations/64125049,https://inaturalist-open-data.s3.amazonaws.com/photos/103043345/medium.jpeg
64696806,https://www.inaturalist.org/observations/64696806,https://inaturalist-open-data.s3.amazonaws.com/photos/104050265/medium.jpeg
64699456,https://www.inaturalist.org/observations/64699456,https://inaturalist-open-data.s3.amazonaws.com/photos/104052858/medium.jpeg
67295292,https://www.inaturalist.org/observations/67295292,https://inaturalist-open-data.s3.amazonaws.com/photos/108688693/medium.jpeg
67296147,https://www.inaturalist.org/observations/67296147,https://inaturalist-open-data.s3.amazonaws.com/photos/108692679/medium.jpeg
67305300,https://www.inaturalist.org/observations/67305300,https://inaturalist-open-data.s3.amazonaws.com/photos/108710647/medium.jpg
67508849,https://www.inaturalist.org/observations/67508849,https://inaturalist-open-data.s3.amazonaws.com/photos/109085592/medium.jpeg
67511520,https://www.inaturalist.org/observations/67511520,https://inaturalist-open-data.s3.amazonaws.com/photos/109092107/medium.jpeg
67608827,https://www.inaturalist.org/observations/67608827,https://inaturalist-open-data.s3.amazonaws.com/photos/109273295/medium.jpeg
67609890,https://www.inaturalist.org/observations/67609890,https://inaturalist-open-data.s3.amazonaws.com/photos/109275649/medium.jpeg
67612879,https://www.inaturalist.org/observations/67612879,https://inaturalist-open-data.s3.amazonaws.com/photos/109281649/medium.jpeg
67612888,https://www.inaturalist.org/observations/67612888,https://inaturalist-open-data.s3.amazonaws.com/photos/109281792/medium.jpeg
69783955,https://www.inaturalist.org/observations/69783955,https://inaturalist-open-data.s3.amazonaws.com/photos/113315814/medium.jpg
71763909,https://www.inaturalist.org/observations/71763909,https://inaturalist-open-data.s3.amazonaws.com/photos/116890305/medium.jpg
72555572,https://www.inaturalist.org/observations/72555572,https://inaturalist-open-data.s3.amazonaws.com/photos/118314166/medium.jpg
73056444,https://www.inaturalist.org/observations/73056444,https://inaturalist-open-data.s3.amazonaws.com/photos/119221531/medium.jpg
74528862,https://www.inaturalist.org/observations/74528862,https://inaturalist-open-data.s3.amazonaws.com/photos/121817326/medium.jpg
74936088,https://www.inaturalist.org/observations/74936088,https://inaturalist-open-data.s3.amazonaws.com/photos/122537330/medium.jpg
76907229,https://www.inaturalist.org/observations/76907229,https://inaturalist-open-data.s3.amazonaws.com/photos/125778971/medium.jpeg
78788761,https://www.inaturalist.org/observations/78788761,https://inaturalist-open-data.s3.amazonaws.com/photos/128984783/medium.jpg
80052406,https://www.inaturalist.org/observations/80052406,https://inaturalist-open-data.s3.amazonaws.com/photos/131169202/medium.jpg
80649697,https://www.inaturalist.org/observations/80649697,https://inaturalist-open-data.s3.amazonaws.com/photos/132195944/medium.jpeg
81470922,https://www.inaturalist.org/observations/81470922,https://inaturalist-open-data.s3.amazonaws.com/photos/133635413/medium.jpg
83249752,https://www.inaturalist.org/observations/83249752,https://inaturalist-open-data.s3.amazonaws.com/photos/136711444/medium.jpeg
84972398,https://www.inaturalist.org/observations/84972398,https://inaturalist-open-data.s3.amazonaws.com/photos/139730457/medium.jpeg
85389037,https://www.inaturalist.org/observations/85389037,https://inaturalist-open-data.s3.amazonaws.com/photos/140484676/medium.jpg
85538461,https://www.inaturalist.org/observations/85538461,https://inaturalist-open-data.s3.amazonaws.com/photos/140752420/medium.jpg
86245689,https://www.inaturalist.org/observations/86245689,https://inaturalist-open-data.s3.amazonaws.com/photos/142049989/medium.jpg
86245963,https://www.inaturalist.org/observations/86245963,https://inaturalist-open-data.s3.amazonaws.com/photos/142050325/medium.jpg
86509687,https://www.inaturalist.org/observations/86509687,https://inaturalist-open-data.s3.amazonaws.com/photos/142525935/medium.jpeg
86646862,https://www.inaturalist.org/observations/86646862,https://inaturalist-open-data.s3.amazonaws.com/photos/142776761/medium.jpg
86658341,https://www.inaturalist.org/observations/86658341,https://inaturalist-open-data.s3.amazonaws.com/photos/142796860/medium.jpeg
87196972,https://www.inaturalist.org/observations/87196972,https://inaturalist-open-data.s3.amazonaws.com/photos/143716595/medium.jpeg
87723960,https://www.inaturalist.org/observations/87723960,https://inaturalist-open-data.s3.amazonaws.com/photos/144662688/medium.jpg
87844121,https://www.inaturalist.org/observations/87844121,https://inaturalist-open-data.s3.amazonaws.com/photos/144875994/medium.jpeg
88108790,https://www.inaturalist.org/observations/88108790,https://inaturalist-open-data.s3.amazonaws.com/photos/145337256/medium.jpg
88213588,https://www.inaturalist.org/observations/88213588,https://inaturalist-open-data.s3.amazonaws.com/photos/145519477/medium.jpeg
88312676,https://www.inaturalist.org/observations/88312676,https://inaturalist-open-data.s3.amazonaws.com/photos/145693825/medium.jpeg
88388032,https://www.inaturalist.org/observations/88388032,https://inaturalist-open-data.s3.amazonaws.com/photos/145827767/medium.jpeg
88389293,https://www.inaturalist.org/observations/88389293,https://inaturalist-open-data.s3.amazonaws.com/photos/145829466/medium.jpeg
88394394,https://www.inaturalist.org/observations/88394394,https://inaturalist-open-data.s3.amazonaws.com/photos/145838328/medium.jpeg
88397189,https://www.inaturalist.org/observations/88397189,https://inaturalist-open-data.s3.amazonaws.com/photos/146082349/medium.jpeg
88535602,https://www.inaturalist.org/observations/88535602,https://inaturalist-open-data.s3.amazonaws.com/photos/146087829/medium.jpeg
89383130,https://www.inaturalist.org/observations/89383130,https://inaturalist-open-data.s3.amazonaws.com/photos/147595929/medium.jpeg
90456433,https://www.inaturalist.org/observations/90456433,https://inaturalist-open-data.s3.amazonaws.com/photos/149484354/medium.jpeg
92535319,https://www.inaturalist.org/observations/92535319,https://inaturalist-open-data.s3.amazonaws.com/photos/153232182/medium.jpg
92721028,https://www.inaturalist.org/observations/92721028,https://inaturalist-open-data.s3.amazonaws.com/photos/153565769/medium.jpg
94342366,https://www.inaturalist.org/observations/94342366,https://inaturalist-open-data.s3.amazonaws.com/photos/156484628/medium.jpeg
94380076,https://www.inaturalist.org/observations/94380076,https://inaturalist-open-data.s3.amazonaws.com/photos/156547473/medium.jpeg
94462016,https://www.inaturalist.org/observations/94462016,https://inaturalist-open-data.s3.amazonaws.com/photos/156696170/medium.jpeg
94519289,https://www.inaturalist.org/observations/94519289,https://inaturalist-open-data.s3.amazonaws.com/photos/156791145/medium.jpeg
94759510,https://www.inaturalist.org/observations/94759510,https://inaturalist-open-data.s3.amazonaws.com/photos/157228550/medium.jpeg
94761032,https://www.inaturalist.org/observations/94761032,https://inaturalist-open-data.s3.amazonaws.com/photos/157230884/medium.jpeg
95012921,https://www.inaturalist.org/observations/95012921,https://inaturalist-open-data.s3.amazonaws.com/photos/157682876/medium.jpeg
95221964,https://www.inaturalist.org/observations/95221964,https://inaturalist-open-data.s3.amazonaws.com/photos/158054881/medium.jpeg
95342173,https://www.inaturalist.org/observations/95342173,https://inaturalist-open-data.s3.amazonaws.com/photos/158266650/medium.jpeg
95344613,https://www.inaturalist.org/observations/95344613,https://inaturalist-open-data.s3.amazonaws.com/photos/158271520/medium.jpeg
95344656,https://www.inaturalist.org/observations/95344656,https://inaturalist-open-data.s3.amazonaws.com/photos/158272744/medium.jpeg
95354574,https://www.inaturalist.org/observations/95354574,https://inaturalist-open-data.s3.amazonaws.com/photos/158290681/medium.jpeg
95357480,https://www.inaturalist.org/observations/95357480,https://inaturalist-open-data.s3.amazonaws.com/photos/158296459/medium.jpeg
95358141,https://www.inaturalist.org/observations/95358141,https://inaturalist-open-data.s3.amazonaws.com/photos/158298320/medium.jpeg
95358147,https://www.inaturalist.org/observations/95358147,https://inaturalist-open-data.s3.amazonaws.com/photos/158298460/medium.jpeg
95359452,https://www.inaturalist.org/observations/95359452,https://inaturalist-open-data.s3.amazonaws.com/photos/158300511/medium.jpeg
95362159,https://www.inaturalist.org/observations/95362159,https://inaturalist-open-data.s3.amazonaws.com/photos/158305596/medium.jpeg
95423843,https://www.inaturalist.org/observations/95423843,https://inaturalist-open-data.s3.amazonaws.com/photos/158415061/medium.jpeg
95487119,https://www.inaturalist.org/observations/95487119,https://inaturalist-open-data.s3.amazonaws.com/photos/158525799/medium.jpeg
95730244,https://www.inaturalist.org/observations/95730244,https://inaturalist-open-data.s3.amazonaws.com/photos/158959225/medium.jpeg
95787162,https://www.inaturalist.org/observations/95787162,https://inaturalist-open-data.s3.amazonaws.com/photos/159058419/medium.jpeg
95799185,https://www.inaturalist.org/observations/95799185,https://inaturalist-open-data.s3.amazonaws.com/photos/159080118/medium.jpeg
95799224,https://www.inaturalist.org/observations/95799224,https://inaturalist-open-data.s3.amazonaws.com/photos/159080896/medium.jpeg
95807929,https://www.inaturalist.org/observations/95807929,https://inaturalist-open-data.s3.amazonaws.com/photos/159094627/medium.jpeg
95817368,https://www.inaturalist.org/observations/95817368,https://inaturalist-open-data.s3.amazonaws.com/photos/159113993/medium.jpeg
95901753,https://www.inaturalist.org/observations/95901753,https://inaturalist-open-data.s3.amazonaws.com/photos/159259689/medium.jpeg
95903972,https://www.inaturalist.org/observations/95903972,https://inaturalist-open-data.s3.amazonaws.com/photos/159265542/medium.jpeg
95903982,https://www.inaturalist.org/observations/95903982,https://inaturalist-open-data.s3.amazonaws.com/photos/159265859/medium.jpeg
95923416,https://www.inaturalist.org/observations/95923416,https://inaturalist-open-data.s3.amazonaws.com/photos/159300860/medium.jpeg
95938643,https://www.inaturalist.org/observations/95938643,https://inaturalist-open-data.s3.amazonaws.com/photos/159328241/medium.jpeg
95947451,https://www.inaturalist.org/observations/95947451,https://inaturalist-open-data.s3.amazonaws.com/photos/159343692/medium.jpeg
95947470,https://www.inaturalist.org/observations/95947470,https://inaturalist-open-data.s3.amazonaws.com/photos/159343896/medium.jpeg
95947486,https://www.inaturalist.org/observations/95947486,https://inaturalist-open-data.s3.amazonaws.com/photos/159344104/medium.jpeg
95947563,https://www.inaturalist.org/observations/95947563,https://inaturalist-open-data.s3.amazonaws.com/photos/159345072/medium.jpeg
95947566,https://www.inaturalist.org/observations/95947566,https://inaturalist-open-data.s3.amazonaws.com/photos/159345103/medium.jpeg
96019499,https://www.inaturalist.org/observations/96019499,https://inaturalist-open-data.s3.amazonaws.com/photos/159469253/medium.jpeg
96044093,https://www.inaturalist.org/observations/96044093,https://inaturalist-open-data.s3.amazonaws.com/photos/159514958/medium.jpeg
96044099,https://www.inaturalist.org/observations/96044099,https://inaturalist-open-data.s3.amazonaws.com/photos/159515080/medium.jpeg
96046041,https://www.inaturalist.org/observations/96046041,https://inaturalist-open-data.s3.amazonaws.com/photos/159518873/medium.jpeg
96415437,https://www.inaturalist.org/observations/96415437,https://inaturalist-open-data.s3.amazonaws.com/photos/160171707/medium.jpeg
96428924,https://www.inaturalist.org/observations/96428924,https://inaturalist-open-data.s3.amazonaws.com/photos/160197980/medium.jpeg
96432011,https://www.inaturalist.org/observations/96432011,https://inaturalist-open-data.s3.amazonaws.com/photos/160203370/medium.jpeg
96506916,https://www.inaturalist.org/observations/96506916,https://inaturalist-open-data.s3.amazonaws.com/photos/160335545/medium.jpeg
96519513,https://www.inaturalist.org/observations/96519513,https://inaturalist-open-data.s3.amazonaws.com/photos/160358683/medium.jpeg
96519549,https://www.inaturalist.org/observations/96519549,https://inaturalist-open-data.s3.amazonaws.com/photos/160359621/medium.jpeg
96522692,https://www.inaturalist.org/observations/96522692,https://inaturalist-open-data.s3.amazonaws.com/photos/160365520/medium.jpeg
96522705,https://www.inaturalist.org/observations/96522705,https://inaturalist-open-data.s3.amazonaws.com/photos/160365775/medium.jpeg
96522755,https://www.inaturalist.org/observations/96522755,https://inaturalist-open-data.s3.amazonaws.com/photos/160366784/medium.jpeg
96526265,https://www.inaturalist.org/observations/96526265,https://inaturalist-open-data.s3.amazonaws.com/photos/160372746/medium.jpeg
96529015,https://www.inaturalist.org/observations/96529015,https://inaturalist-open-data.s3.amazonaws.com/photos/160378130/medium.jpeg
96542639,https://www.inaturalist.org/observations/96542639,https://inaturalist-open-data.s3.amazonaws.com/photos/160402649/medium.jpeg
96544160,https://www.inaturalist.org/observations/96544160,https://inaturalist-open-data.s3.amazonaws.com/photos/160406065/medium.jpeg
96544202,https://www.inaturalist.org/observations/96544202,https://inaturalist-open-data.s3.amazonaws.com/photos/160406922/medium.jpeg
96612601,https://www.inaturalist.org/observations/96612601,https://inaturalist-open-data.s3.amazonaws.com/photos/160525334/medium.jpeg
96612673,https://www.inaturalist.org/observations/96612673,https://inaturalist-open-data.s3.amazonaws.com/photos/160526920/medium.jpeg
96612690,https://www.inaturalist.org/observations/96612690,https://inaturalist-open-data.s3.amazonaws.com/photos/160527291/medium.jpeg
96615586,https://www.inaturalist.org/observations/96615586,https://inaturalist-open-data.s3.amazonaws.com/photos/160528951/medium.jpeg
96631001,https://www.inaturalist.org/observations/96631001,https://inaturalist-open-data.s3.amazonaws.com/photos/160558824/medium.jpeg
96632755,https://www.inaturalist.org/observations/96632755,https://inaturalist-open-data.s3.amazonaws.com/photos/160562296/medium.jpeg
96642700,https://www.inaturalist.org/observations/96642700,https://inaturalist-open-data.s3.amazonaws.com/photos/160580597/medium.jpeg
96642758,https://www.inaturalist.org/observations/96642758,https://inaturalist-open-data.s3.amazonaws.com/photos/160581630/medium.jpeg
96653037,https://www.inaturalist.org/observations/96653037,https://inaturalist-open-data.s3.amazonaws.com/photos/160600628/medium.jpeg
96653078,https://www.inaturalist.org/observations/96653078,https://inaturalist-open-data.s3.amazonaws.com/photos/160601908/medium.jpeg
96722891,https://www.inaturalist.org/observations/96722891,https://inaturalist-open-data.s3.amazonaws.com/photos/160724193/medium.jpeg
96731682,https://www.inaturalist.org/observations/96731682,https://inaturalist-open-data.s3.amazonaws.com/photos/160743304/medium.jpeg
96734503,https://www.inaturalist.org/observations/96734503,https://inaturalist-open-data.s3.amazonaws.com/photos/160749695/medium.jpeg
96743033,https://www.inaturalist.org/observations/96743033,https://inaturalist-open-data.s3.amazonaws.com/photos/160764693/medium.jpeg
96752721,https://www.inaturalist.org/observations/96752721,https://inaturalist-open-data.s3.amazonaws.com/photos/160784904/medium.jpeg
96839496,https://www.inaturalist.org/observations/96839496,https://inaturalist-open-data.s3.amazonaws.com/photos/160937247/medium.jpeg
96850301,https://www.inaturalist.org/observations/96850301,https://inaturalist-open-data.s3.amazonaws.com/photos/160956635/medium.jpeg
96852204,https://www.inaturalist.org/observations/96852204,https://inaturalist-open-data.s3.amazonaws.com/photos/160960794/medium.jpeg
96853617,https://www.inaturalist.org/observations/96853617,https://inaturalist-open-data.s3.amazonaws.com/photos/160963636/medium.jpeg
96858690,https://www.inaturalist.org/observations/96858690,https://inaturalist-open-data.s3.amazonaws.com/photos/160973668/medium.jpeg
96860823,https://www.inaturalist.org/observations/96860823,https://inaturalist-open-data.s3.amazonaws.com/photos/160977817/medium.jpeg
97031742,https://www.inaturalist.org/observations/97031742,https://inaturalist-open-data.s3.amazonaws.com/photos/161287718/medium.jpeg
97164868,https://www.inaturalist.org/observations/97164868,https://inaturalist-open-data.s3.amazonaws.com/photos/161535478/medium.jpeg
97198026,https://www.inaturalist.org/observations/97198026,https://inaturalist-open-data.s3.amazonaws.com/photos/161598587/medium.jpeg
97198054,https://www.inaturalist.org/observations/97198054,https://inaturalist-open-data.s3.amazonaws.com/photos/161599212/medium.jpeg
97200021,https://www.inaturalist.org/observations/97200021,https://inaturalist-open-data.s3.amazonaws.com/photos/161601755/medium.jpeg
97204731,https://www.inaturalist.org/observations/97204731,https://inaturalist-open-data.s3.amazonaws.com/photos/161611951/medium.jpeg
97214030,https://www.inaturalist.org/observations/97214030,https://inaturalist-open-data.s3.amazonaws.com/photos/161631553/medium.jpeg
97281710,https://www.inaturalist.org/observations/97281710,https://inaturalist-open-data.s3.amazonaws.com/photos/161756355/medium.jpeg
97309242,https://www.inaturalist.org/observations/97309242,https://inaturalist-open-data.s3.amazonaws.com/photos/161811792/medium.jpeg
97313328,https://www.inaturalist.org/observations/97313328,https://inaturalist-open-data.s3.amazonaws.com/photos/161816354/medium.jpeg
97357626,https://www.inaturalist.org/observations/97357626,https://inaturalist-open-data.s3.amazonaws.com/photos/161900592/medium.jpeg
97357669,https://www.inaturalist.org/observations/97357669,https://inaturalist-open-data.s3.amazonaws.com/photos/161901679/medium.jpeg
97373184,https://www.inaturalist.org/observations/97373184,https://inaturalist-open-data.s3.amazonaws.com/photos/161929677/medium.jpeg
97387701,https://www.inaturalist.org/observations/97387701,https://inaturalist-open-data.s3.amazonaws.com/photos/161954277/medium.jpeg
97401730,https://www.inaturalist.org/observations/97401730,https://inaturalist-open-data.s3.amazonaws.com/photos/161981377/medium.jpeg
97403554,https://www.inaturalist.org/observations/97403554,https://inaturalist-open-data.s3.amazonaws.com/photos/161984954/medium.jpeg
97404611,https://www.inaturalist.org/observations/97404611,https://inaturalist-open-data.s3.amazonaws.com/photos/161985725/medium.jpeg
97413342,https://www.inaturalist.org/observations/97413342,https://inaturalist-open-data.s3.amazonaws.com/photos/162003481/medium.jpeg
97460502,https://www.inaturalist.org/observations/97460502,https://inaturalist-open-data.s3.amazonaws.com/photos/162089205/medium.jpeg
97461997,https://www.inaturalist.org/observations/97461997,https://inaturalist-open-data.s3.amazonaws.com/photos/162091803/medium.jpeg
97462004,https://www.inaturalist.org/observations/97462004,https://inaturalist-open-data.s3.amazonaws.com/photos/162091967/medium.jpeg
97470071,https://www.inaturalist.org/observations/97470071,https://inaturalist-open-data.s3.amazonaws.com/photos/162106611/medium.jpeg
97486974,https://www.inaturalist.org/observations/97486974,https://inaturalist-open-data.s3.amazonaws.com/photos/162136609/medium.jpeg
97649401,https://www.inaturalist.org/observations/97649401,https://inaturalist-open-data.s3.amazonaws.com/photos/162434139/medium.jpeg
97649424,https://www.inaturalist.org/observations/97649424,https://inaturalist-open-data.s3.amazonaws.com/photos/162434530/medium.jpeg
97942100,https://www.inaturalist.org/observations/97942100,https://inaturalist-open-data.s3.amazonaws.com/photos/162969195/medium.jpeg
97952578,https://www.inaturalist.org/observations/97952578,https://inaturalist-open-data.s3.amazonaws.com/photos/162989587/medium.jpeg
97958437,https://www.inaturalist.org/observations/97958437,https://inaturalist-open-data.s3.amazonaws.com/photos/162999457/medium.jpeg
97981002,https://www.inaturalist.org/observations/97981002,https://inaturalist-open-data.s3.amazonaws.com/photos/163044679/medium.jpeg
97982735,https://www.inaturalist.org/observations/97982735,https://inaturalist-open-data.s3.amazonaws.com/photos/163047901/medium.jpeg
98051567,https://www.inaturalist.org/observations/98051567,https://inaturalist-open-data.s3.amazonaws.com/photos/163168402/medium.jpeg
98065775,https://www.inaturalist.org/observations/98065775,https://inaturalist-open-data.s3.amazonaws.com/photos/163196776/medium.jpeg
98065819,https://www.inaturalist.org/observations/98065819,https://inaturalist-open-data.s3.amazonaws.com/photos/163198009/medium.jpeg
98070665,https://www.inaturalist.org/observations/98070665,https://inaturalist-open-data.s3.amazonaws.com/photos/163209342/medium.jpeg
98070711,https://www.inaturalist.org/observations/98070711,https://inaturalist-open-data.s3.amazonaws.com/photos/163210659/medium.jpeg
98073541,https://www.inaturalist.org/observations/98073541,https://inaturalist-open-data.s3.amazonaws.com/photos/163215023/medium.jpeg
98075040,https://www.inaturalist.org/observations/98075040,https://inaturalist-open-data.s3.amazonaws.com/photos/163216144/medium.jpeg
98075110,https://www.inaturalist.org/observations/98075110,https://inaturalist-open-data.s3.amazonaws.com/photos/163218222/medium.jpeg
98075164,https://www.inaturalist.org/observations/98075164,https://inaturalist-open-data.s3.amazonaws.com/photos/163218224/medium.jpeg
98082632,https://www.inaturalist.org/observations/98082632,https://inaturalist-open-data.s3.amazonaws.com/photos/163232493/medium.jpeg
98082643,https://www.inaturalist.org/observations/98082643,https://inaturalist-open-data.s3.amazonaws.com/photos/163232635/medium.jpeg
98084153,https://www.inaturalist.org/observations/98084153,https://inaturalist-open-data.s3.amazonaws.com/photos/163235732/medium.jpeg
98129543,https://www.inaturalist.org/observations/98129543,https://inaturalist-open-data.s3.amazonaws.com/photos/163318018/medium.jpeg
98145157,https://www.inaturalist.org/observations/98145157,https://inaturalist-open-data.s3.amazonaws.com/photos/163346215/medium.jpeg
98146352,https://www.inaturalist.org/observations/98146352,https://inaturalist-open-data.s3.amazonaws.com/photos/163348892/medium.jpeg
98159478,https://www.inaturalist.org/observations/98159478,https://inaturalist-open-data.s3.amazonaws.com/photos/163374532/medium.jpeg
98227443,https://www.inaturalist.org/observations/98227443,https://inaturalist-open-data.s3.amazonaws.com/photos/163499716/medium.jpeg
98263931,https://www.inaturalist.org/observations/98263931,https://inaturalist-open-data.s3.amazonaws.com/photos/163565326/medium.jpeg
98264455,https://www.inaturalist.org/observations/98264455,https://inaturalist-open-data.s3.amazonaws.com/photos/163566527/medium.jpeg
98267229,https://www.inaturalist.org/observations/98267229,https://inaturalist-open-data.s3.amazonaws.com/photos/163571310/medium.jpeg
98267257,https://www.inaturalist.org/observations/98267257,https://inaturalist-open-data.s3.amazonaws.com/photos/163571534/medium.jpeg
98327353,https://www.inaturalist.org/observations/98327353,https://inaturalist-open-data.s3.amazonaws.com/photos/163680591/medium.jpeg
98335723,https://www.inaturalist.org/observations/98335723,https://inaturalist-open-data.s3.amazonaws.com/photos/163697342/medium.jpeg
98343317,https://www.inaturalist.org/observations/98343317,https://inaturalist-open-data.s3.amazonaws.com/photos/163711497/medium.jpeg
98408587,https://www.inaturalist.org/observations/98408587,https://inaturalist-open-data.s3.amazonaws.com/photos/163819127/medium.jpeg
98425171,https://www.inaturalist.org/observations/98425171,https://inaturalist-open-data.s3.amazonaws.com/photos/163858603/medium.jpeg
98439873,https://www.inaturalist.org/observations/98439873,https://inaturalist-open-data.s3.amazonaws.com/photos/163891654/medium.jpeg
98440500,https://www.inaturalist.org/observations/98440500,https://inaturalist-open-data.s3.amazonaws.com/photos/163893924/medium.jpeg
98470645,https://www.inaturalist.org/observations/98470645,https://inaturalist-open-data.s3.amazonaws.com/photos/163952345/medium.jpeg
98470699,https://www.inaturalist.org/observations/98470699,https://inaturalist-open-data.s3.amazonaws.com/photos/163953248/medium.jpeg
98470753,https://www.inaturalist.org/observations/98470753,https://inaturalist-open-data.s3.amazonaws.com/photos/163954217/medium.jpeg
98641474,https://www.inaturalist.org/observations/98641474,https://inaturalist-open-data.s3.amazonaws.com/photos/164272392/medium.jpeg
98650836,https://www.inaturalist.org/observations/98650836,https://inaturalist-open-data.s3.amazonaws.com/photos/164289333/medium.jpeg
98657814,https://www.inaturalist.org/observations/98657814,https://inaturalist-open-data.s3.amazonaws.com/photos/164302662/medium.jpeg
98661085,https://www.inaturalist.org/observations/98661085,https://inaturalist-open-data.s3.amazonaws.com/photos/164311778/medium.jpeg
98742482,https://www.inaturalist.org/observations/98742482,https://inaturalist-open-data.s3.amazonaws.com/photos/164462489/medium.jpeg
98742563,https://www.inaturalist.org/observations/98742563,https://inaturalist-open-data.s3.amazonaws.com/photos/164464701/medium.jpeg
98744357,https://www.inaturalist.org/observations/98744357,https://inaturalist-open-data.s3.amazonaws.com/photos/164469087/medium.jpeg
98747231,https://www.inaturalist.org/observations/98747231,https://inaturalist-open-data.s3.amazonaws.com/photos/164476824/medium.jpeg
98836499,https://www.inaturalist.org/observations/98836499,https://inaturalist-open-data.s3.amazonaws.com/photos/164637443/medium.jpeg
98836509,https://www.inaturalist.org/observations/98836509,https://inaturalist-open-data.s3.amazonaws.com/photos/164638087/medium.jpeg
98920469,https://www.inaturalist.org/observations/98920469,https://inaturalist-open-data.s3.amazonaws.com/photos/164799771/medium.jpeg
98924993,https://www.inaturalist.org/observations/98924993,https://inaturalist-open-data.s3.amazonaws.com/photos/164810142/medium.jpeg
98939189,https://www.inaturalist.org/observations/98939189,https://inaturalist-open-data.s3.amazonaws.com/photos/164835720/medium.jpeg
98957599,https://www.inaturalist.org/observations/98957599,https://inaturalist-open-data.s3.amazonaws.com/photos/164871117/medium.jpeg
99153250,https://www.inaturalist.org/observations/99153250,https://inaturalist-open-data.s3.amazonaws.com/photos/165226786/medium.jpeg
99167590,https://www.inaturalist.org/observations/99167590,https://inaturalist-open-data.s3.amazonaws.com/photos/165258395/medium.jpeg
99179658,https://www.inaturalist.org/observations/99179658,https://inaturalist-open-data.s3.amazonaws.com/photos/165276774/medium.jpeg
99181477,https://www.inaturalist.org/observations/99181477,https://inaturalist-open-data.s3.amazonaws.com/photos/165283655/medium.jpeg
99195182,https://www.inaturalist.org/observations/99195182,https://inaturalist-open-data.s3.amazonaws.com/photos/165305187/medium.jpeg
99195199,https://www.inaturalist.org/observations/99195199,https://inaturalist-open-data.s3.amazonaws.com/photos/165305646/medium.jpeg
99195205,https://www.inaturalist.org/observations/99195205,https://inaturalist-open-data.s3.amazonaws.com/photos/165305836/medium.jpeg
99196474,https://www.inaturalist.org/observations/99196474,https://inaturalist-open-data.s3.amazonaws.com/photos/165310346/medium.jpeg
99405220,https://www.inaturalist.org/observations/99405220,https://inaturalist-open-data.s3.amazonaws.com/photos/165693278/medium.jpeg
99408752,https://www.inaturalist.org/observations/99408752,https://inaturalist-open-data.s3.amazonaws.com/photos/165702372/medium.jpeg
99422398,https://www.inaturalist.org/observations/99422398,https://inaturalist-open-data.s3.amazonaws.com/photos/165728332/medium.jpeg
99437495,https://www.inaturalist.org/observations/99437495,https://inaturalist-open-data.s3.amazonaws.com/photos/165757234/medium.jpeg
99441124,https://www.inaturalist.org/observations/99441124,https://inaturalist-open-data.s3.amazonaws.com/photos/165766225/medium.jpeg
99478365,https://www.inaturalist.org/observations/99478365,https://inaturalist-open-data.s3.amazonaws.com/photos/165830137/medium.jpeg
104538515,https://www.inaturalist.org/observations/104538515,https://inaturalist-open-data.s3.amazonaws.com/photos/175185796/medium.jpg
111701999,https://www.inaturalist.org/observations/111701999,https://inaturalist-open-data.s3.amazonaws.com/photos/188596108/medium.jpg
112929179,https://www.inaturalist.org/observations/112929179,https://inaturalist-open-data.s3.amazonaws.com/photos/190789662/medium.jpg
119169587,https://www.inaturalist.org/observations/119169587,https://inaturalist-open-data.s3.amazonaws.com/photos/201424376/medium.jpeg
119336143,https://www.inaturalist.org/observations/119336143,https://inaturalist-open-data.s3.amazonaws.com/photos/201717231/medium.jpg
119355133,https://www.inaturalist.org/observations/119355133,https://inaturalist-open-data.s3.amazonaws.com/photos/201749097/medium.jpeg
119501472,https://www.inaturalist.org/observations/119501472,https://inaturalist-open-data.s3.amazonaws.com/photos/202012317/medium.jpeg
119524013,https://www.inaturalist.org/observations/119524013,https://inaturalist-open-data.s3.amazonaws.com/photos/202057303/medium.jpeg
119656529,https://www.inaturalist.org/observations/119656529,https://inaturalist-open-data.s3.amazonaws.com/photos/202298386/medium.jpeg
119679702,https://www.inaturalist.org/observations/119679702,https://inaturalist-open-data.s3.amazonaws.com/photos/202341277/medium.jpeg
119766454,https://www.inaturalist.org/observations/119766454,https://inaturalist-open-data.s3.amazonaws.com/photos/202484131/medium.jpeg
119795343,https://www.inaturalist.org/observations/119795343,https://inaturalist-open-data.s3.amazonaws.com/photos/202544916/medium.jpeg
119803904,https://www.inaturalist.org/observations/119803904,https://inaturalist-open-data.s3.amazonaws.com/photos/202555149/medium.jpeg
119803926,https://www.inaturalist.org/observations/119803926,https://inaturalist-open-data.s3.amazonaws.com/photos/202557197/medium.jpeg
119805129,https://www.inaturalist.org/observations/119805129,https://inaturalist-open-data.s3.amazonaws.com/photos/202564934/medium.jpeg
119819890,https://www.inaturalist.org/observations/119819890,https://inaturalist-open-data.s3.amazonaws.com/photos/202508250/medium.jpeg
120337987,https://www.inaturalist.org/observations/120337987,https://inaturalist-open-data.s3.amazonaws.com/photos/203519853/medium.jpeg
120344520,https://www.inaturalist.org/observations/120344520,https://inaturalist-open-data.s3.amazonaws.com/photos/203529827/medium.jpeg
120607752,https://www.inaturalist.org/observations/120607752,https://inaturalist-open-data.s3.amazonaws.com/photos/204008591/medium.jpeg
120843353,https://www.inaturalist.org/observations/120843353,https://inaturalist-open-data.s3.amazonaws.com/photos/204427668/medium.jpeg
120849253,https://www.inaturalist.org/observations/120849253,https://inaturalist-open-data.s3.amazonaws.com/photos/204438199/medium.jpeg
120855209,https://www.inaturalist.org/observations/120855209,https://inaturalist-open-data.s3.amazonaws.com/photos/204448345/medium.jpeg
120859302,https://www.inaturalist.org/observations/120859302,https://inaturalist-open-data.s3.amazonaws.com/photos/204455134/medium.jpeg
120862978,https://www.inaturalist.org/observations/120862978,https://inaturalist-open-data.s3.amazonaws.com/photos/204464364/medium.jpeg
120871971,https://www.inaturalist.org/observations/120871971,https://inaturalist-open-data.s3.amazonaws.com/photos/204474198/medium.jpeg
120871999,https://www.inaturalist.org/observations/120871999,https://inaturalist-open-data.s3.amazonaws.com/photos/204477022/medium.jpeg
120889829,https://www.inaturalist.org/observations/120889829,https://inaturalist-open-data.s3.amazonaws.com/photos/204499811/medium.jpeg
120892802,https://www.inaturalist.org/observations/120892802,https://inaturalist-open-data.s3.amazonaws.com/photos/204518107/medium.jpeg
120895126,https://www.inaturalist.org/observations/120895126,https://inaturalist-open-data.s3.amazonaws.com/photos/204521643/medium.jpeg
120978942,https://www.inaturalist.org/observations/120978942,https://inaturalist-open-data.s3.amazonaws.com/photos/204669872/medium.jpeg
120986972,https://www.inaturalist.org/observations/120986972,https://inaturalist-open-data.s3.amazonaws.com/photos/204686481/medium.jpeg
121031208,https://www.inaturalist.org/observations/121031208,https://inaturalist-open-data.s3.amazonaws.com/photos/204764359/medium.jpeg
121168136,https://www.inaturalist.org/observations/121168136,https://inaturalist-open-data.s3.amazonaws.com/photos/205013010/medium.jpeg
121659427,https://www.inaturalist.org/observations/121659427,https://inaturalist-open-data.s3.amazonaws.com/photos/205888197/medium.jpeg
121670608,https://www.inaturalist.org/observations/121670608,https://inaturalist-open-data.s3.amazonaws.com/photos/205916422/medium.jpg
121938547,https://www.inaturalist.org/observations/121938547,https://inaturalist-open-data.s3.amazonaws.com/photos/206384547/medium.jpeg
121947745,https://www.inaturalist.org/observations/121947745,https://inaturalist-open-data.s3.amazonaws.com/photos/206411521/medium.jpeg
122829844,https://www.inaturalist.org/observations/122829844,https://inaturalist-open-data.s3.amazonaws.com/photos/208001350/medium.jpeg
123027671,https://www.inaturalist.org/observations/123027671,https://inaturalist-open-data.s3.amazonaws.com/photos/208373818/medium.jpg
123470317,https://www.inaturalist.org/observations/123470317,https://inaturalist-open-data.s3.amazonaws.com/photos/209170818/medium.jpeg
124558426,https://www.inaturalist.org/observations/124558426,https://inaturalist-open-data.s3.amazonaws.com/photos/211130058/medium.jpeg
124568051,https://www.inaturalist.org/observations/124568051,https://inaturalist-open-data.s3.amazonaws.com/photos/211146744/medium.jpeg
124675759,https://www.inaturalist.org/observations/124675759,https://inaturalist-open-data.s3.amazonaws.com/photos/211342504/medium.jpeg
124805460,https://www.inaturalist.org/observations/124805460,https://inaturalist-open-data.s3.amazonaws.com/photos/211459776/medium.jpeg
124820448,https://www.inaturalist.org/observations/124820448,https://inaturalist-open-data.s3.amazonaws.com/photos/211601954/medium.jpeg
124822449,https://www.inaturalist.org/observations/124822449,https://inaturalist-open-data.s3.amazonaws.com/photos/211609899/medium.jpeg
124971792,https://www.inaturalist.org/observations/124971792,https://inaturalist-open-data.s3.amazonaws.com/photos/211884313/medium.jpeg
124977338,https://www.inaturalist.org/observations/124977338,https://inaturalist-open-data.s3.amazonaws.com/photos/211895373/medium.jpeg
125019492,https://www.inaturalist.org/observations/125019492,https://inaturalist-open-data.s3.amazonaws.com/photos/211972236/medium.jpeg
125100393,https://www.inaturalist.org/observations/125100393,https://inaturalist-open-data.s3.amazonaws.com/photos/212116133/medium.jpeg
125112414,https://www.inaturalist.org/observations/125112414,https://inaturalist-open-data.s3.amazonaws.com/photos/212139650/medium.jpeg
125161093,https://www.inaturalist.org/observations/125161093,https://inaturalist-open-data.s3.amazonaws.com/photos/212228809/medium.jpeg
125218780,https://www.inaturalist.org/observations/125218780,https://inaturalist-open-data.s3.amazonaws.com/photos/212325193/medium.jpeg
125238061,https://www.inaturalist.org/observations/125238061,https://inaturalist-open-data.s3.amazonaws.com/photos/212366377/medium.jpeg
125240962,https://www.inaturalist.org/observations/125240962,https://inaturalist-open-data.s3.amazonaws.com/photos/212370508/medium.jpeg
125243812,https://www.inaturalist.org/observations/125243812,https://inaturalist-open-data.s3.amazonaws.com/photos/212374377/medium.jpeg
125368876,https://www.inaturalist.org/observations/125368876,https://inaturalist-open-data.s3.amazonaws.com/photos/212594258/medium.jpeg
125375285,https://www.inaturalist.org/observations/125375285,https://inaturalist-open-data.s3.amazonaws.com/photos/212475669/medium.jpeg
125396141,https://www.inaturalist.org/observations/125396141,https://inaturalist-open-data.s3.amazonaws.com/photos/212648995/medium.jpg
125497892,https://www.inaturalist.org/observations/125497892,https://inaturalist-open-data.s3.amazonaws.com/photos/212828161/medium.jpg
125885423,https://www.inaturalist.org/observations/125885423,https://inaturalist-open-data.s3.amazonaws.com/photos/213534463/medium.jpeg
125886677,https://www.inaturalist.org/observations/125886677,https://inaturalist-open-data.s3.amazonaws.com/photos/213536611/medium.jpg
125975642,https://www.inaturalist.org/observations/125975642,https://inaturalist-open-data.s3.amazonaws.com/photos/213693260/medium.jpg
126276536,https://www.inaturalist.org/observations/126276536,https://inaturalist-open-data.s3.amazonaws.com/photos/214240102/medium.jpg
126852669,https://www.inaturalist.org/observations/126852669,https://inaturalist-open-data.s3.amazonaws.com/photos/215282044/medium.jpg
127010119,https://www.inaturalist.org/observations/127010119,https://inaturalist-open-data.s3.amazonaws.com/photos/215571304/medium.jpg
127732070,https://www.inaturalist.org/observations/127732070,https://inaturalist-open-data.s3.amazonaws.com/photos/216881825/medium.jpg
127875652,https://www.inaturalist.org/observations/127875652,https://inaturalist-open-data.s3.amazonaws.com/photos/217140618/medium.jpeg
127875686,https://www.inaturalist.org/observations/127875686,https://inaturalist-open-data.s3.amazonaws.com/photos/217142182/medium.jpeg
128401142,https://www.inaturalist.org/observations/128401142,https://inaturalist-open-data.s3.amazonaws.com/photos/218087081/medium.jpeg
128407065,https://www.inaturalist.org/observations/128407065,https://inaturalist-open-data.s3.amazonaws.com/photos/218104922/medium.jpeg
128453941,https://www.inaturalist.org/observations/128453941,https://inaturalist-open-data.s3.amazonaws.com/photos/218190566/medium.jpeg
128478774,https://www.inaturalist.org/observations/128478774,https://inaturalist-open-data.s3.amazonaws.com/photos/218219331/medium.jpeg
128495492,https://www.inaturalist.org/observations/128495492,https://inaturalist-open-data.s3.amazonaws.com/photos/218261414/medium.jpeg
128503635,https://www.inaturalist.org/observations/128503635,https://inaturalist-open-data.s3.amazonaws.com/photos/218275892/medium.jpeg
128517260,https://www.inaturalist.org/observations/128517260,https://inaturalist-open-data.s3.amazonaws.com/photos/218301203/medium.jpeg
128538225,https://www.inaturalist.org/observations/128538225,https://inaturalist-open-data.s3.amazonaws.com/photos/218339677/medium.jpeg
128550397,https://www.inaturalist.org/observations/128550397,https://inaturalist-open-data.s3.amazonaws.com/photos/218365564/medium.jpeg
128551429,https://www.inaturalist.org/observations/128551429,https://inaturalist-open-data.s3.amazonaws.com/photos/218367255/medium.jpeg
128607803,https://www.inaturalist.org/observations/128607803,https://inaturalist-open-data.s3.amazonaws.com/photos/218463620/medium.jpeg
128894026,https://www.inaturalist.org/observations/128894026,https://inaturalist-open-data.s3.amazonaws.com/photos/218972240/medium.jpeg
128900975,https://www.inaturalist.org/observations/128900975,https://inaturalist-open-data.s3.amazonaws.com/photos/218985175/medium.jpeg
129482966,https://www.inaturalist.org/observations/129482966,https://inaturalist-open-data.s3.amazonaws.com/photos/220044344/medium.jpeg
129696918,https://www.inaturalist.org/observations/129696918,https://inaturalist-open-data.s3.amazonaws.com/photos/220444362/medium.jpeg
130046055,https://www.inaturalist.org/observations/130046055,https://inaturalist-open-data.s3.amazonaws.com/photos/221095521/medium.jpeg
133004067,https://www.inaturalist.org/observations/133004067,https://inaturalist-open-data.s3.amazonaws.com/photos/226484352/medium.jpg
133276995,https://www.inaturalist.org/observations/133276995,https://inaturalist-open-data.s3.amazonaws.com/photos/226993909/medium.jpeg
133797817,https://www.inaturalist.org/observations/133797817,https://inaturalist-open-data.s3.amazonaws.com/photos/227961188/medium.jpeg
133982355,https://www.inaturalist.org/observations/133982355,https://inaturalist-open-data.s3.amazonaws.com/photos/228300986/medium.jpeg
134110145,https://www.inaturalist.org/observations/134110145,https://inaturalist-open-data.s3.amazonaws.com/photos/228539677/medium.jpg
134126989,https://www.inaturalist.org/observations/134126989,https://inaturalist-open-data.s3.amazonaws.com/photos/228575064/medium.jpeg
134525525,https://www.inaturalist.org/observations/134525525,https://inaturalist-open-data.s3.amazonaws.com/photos/229314339/medium.jpeg
134763390,https://www.inaturalist.org/observations/134763390,https://inaturalist-open-data.s3.amazonaws.com/photos/229758679/medium.jpeg
134774844,https://www.inaturalist.org/observations/134774844,https://inaturalist-open-data.s3.amazonaws.com/photos/229766891/medium.jpg
134942132,https://www.inaturalist.org/observations/134942132,https://inaturalist-open-data.s3.amazonaws.com/photos/230092387/medium.jpeg
135163381,https://www.inaturalist.org/observations/135163381,https://inaturalist-open-data.s3.amazonaws.com/photos/230490693/medium.jpeg
135165314,https://www.inaturalist.org/observations/135165314,https://inaturalist-open-data.s3.amazonaws.com/photos/230495678/medium.jpeg
135171625,https://www.inaturalist.org/observations/135171625,https://inaturalist-open-data.s3.amazonaws.com/photos/230507979/medium.jpeg
135171630,https://www.inaturalist.org/observations/135171630,https://inaturalist-open-data.s3.amazonaws.com/photos/230508074/medium.jpeg
135171646,https://www.inaturalist.org/observations/135171646,https://inaturalist-open-data.s3.amazonaws.com/photos/230508211/medium.jpeg
135183025,https://www.inaturalist.org/observations/135183025,https://inaturalist-open-data.s3.amazonaws.com/photos/230528070/medium.jpeg
135208573,https://www.inaturalist.org/observations/135208573,https://inaturalist-open-data.s3.amazonaws.com/photos/230577764/medium.jpeg
135209459,https://www.inaturalist.org/observations/135209459,https://inaturalist-open-data.s3.amazonaws.com/photos/230579697/medium.jpeg
135211269,https://www.inaturalist.org/observations/135211269,https://inaturalist-open-data.s3.amazonaws.com/photos/230583438/medium.jpeg
135329169,https://www.inaturalist.org/observations/135329169,https://inaturalist-open-data.s3.amazonaws.com/photos/230799051/medium.jpeg
135329231,https://www.inaturalist.org/observations/135329231,https://inaturalist-open-data.s3.amazonaws.com/photos/230800166/medium.jpeg
135579049,https://www.inaturalist.org/observations/135579049,https://inaturalist-open-data.s3.amazonaws.com/photos/231258955/medium.jpeg
135582145,https://www.inaturalist.org/observations/135582145,https://inaturalist-open-data.s3.amazonaws.com/photos/231263104/medium.jpeg
135587704,https://www.inaturalist.org/observations/135587704,https://inaturalist-open-data.s3.amazonaws.com/photos/231270570/medium.jpeg
135593827,https://www.inaturalist.org/observations/135593827,https://inaturalist-open-data.s3.amazonaws.com/photos/231284206/medium.jpeg
135742744,https://www.inaturalist.org/observations/135742744,https://inaturalist-open-data.s3.amazonaws.com/photos/231566505/medium.jpg
135838962,https://www.inaturalist.org/observations/135838962,https://inaturalist-open-data.s3.amazonaws.com/photos/231741566/medium.jpeg
136098801,https://www.inaturalist.org/observations/136098801,https://inaturalist-open-data.s3.amazonaws.com/photos/232221123/medium.jpg
136098960,https://www.inaturalist.org/observations/136098960,https://inaturalist-open-data.s3.amazonaws.com/photos/232222420/medium.jpeg
136184161,https://www.inaturalist.org/observations/136184161,https://inaturalist-open-data.s3.amazonaws.com/photos/232379203/medium.jpg
136224798,https://www.inaturalist.org/observations/136224798,https://inaturalist-open-data.s3.amazonaws.com/photos/232460925/medium.jpeg
136344252,https://www.inaturalist.org/observations/136344252,https://inaturalist-open-data.s3.amazonaws.com/photos/232654842/medium.jpg
136634719,https://www.inaturalist.org/observations/136634719,https://inaturalist-open-data.s3.amazonaws.com/photos/233219577/medium.jpeg
136936285,https://www.inaturalist.org/observations/136936285,https://inaturalist-open-data.s3.amazonaws.com/photos/233777891/medium.jpeg
137885644,https://www.inaturalist.org/observations/137885644,https://inaturalist-open-data.s3.amazonaws.com/photos/235569064/medium.jpeg
137890079,https://www.inaturalist.org/observations/137890079,https://inaturalist-open-data.s3.amazonaws.com/photos/235572563/medium.jpeg
137900272,https://www.inaturalist.org/observations/137900272,https://inaturalist-open-data.s3.amazonaws.com/photos/235589589/medium.jpeg
137900299,https://www.inaturalist.org/observations/137900299,https://inaturalist-open-data.s3.amazonaws.com/photos/235590261/medium.jpeg
138205772,https://www.inaturalist.org/observations/138205772,https://inaturalist-open-data.s3.amazonaws.com/photos/236176991/medium.jpg
138466190,https://www.inaturalist.org/observations/138466190,https://inaturalist-open-data.s3.amazonaws.com/photos/236666839/medium.jpeg
139078502,https://www.inaturalist.org/observations/139078502,https://inaturalist-open-data.s3.amazonaws.com/photos/237809221/medium.jpeg
146383737,https://www.inaturalist.org/observations/146383737,https://inaturalist-open-data.s3.amazonaws.com/photos/251657527/medium.jpg
146577310,https://www.inaturalist.org/observations/146577310,https://inaturalist-open-data.s3.amazonaws.com/photos/252031265/medium.jpeg
152763110,https://www.inaturalist.org/observations/152763110,https://inaturalist-open-data.s3.amazonaws.com/photos/263752261/medium.jpeg
156353625,https://www.inaturalist.org/observations/156353625,https://inaturalist-open-data.s3.amazonaws.com/photos/270357409/medium.jpeg
160424584,https://www.inaturalist.org/observations/160424584,https://inaturalist-open-data.s3.amazonaws.com/photos/277212109/medium.jpeg
163909144,https://www.inaturalist.org/observations/163909144,https://inaturalist-open-data.s3.amazonaws.com/photos/283547687/medium.jpeg
164126210,https://www.inaturalist.org/observations/164126210,https://inaturalist-open-data.s3.amazonaws.com/photos/283941587/medium.jpeg
164132744,https://www.inaturalist.org/observations/164132744,https://inaturalist-open-data.s3.amazonaws.com/photos/283956252/medium.jpeg
164350631,https://www.inaturalist.org/observations/164350631,https://inaturalist-open-data.s3.amazonaws.com/photos/284354500/medium.jpeg
164352215,https://www.inaturalist.org/observations/164352215,https://inaturalist-open-data.s3.amazonaws.com/photos/284358026/medium.jpeg
164712971,https://www.inaturalist.org/observations/164712971,https://inaturalist-open-data.s3.amazonaws.com/photos/285024060/medium.jpg
164884069,https://www.inaturalist.org/observations/164884069,https://inaturalist-open-data.s3.amazonaws.com/photos/285342930/medium.jpeg
164887393,https://www.inaturalist.org/observations/164887393,https://inaturalist-open-data.s3.amazonaws.com/photos/285344719/medium.jpeg
165063883,https://www.inaturalist.org/observations/165063883,https://inaturalist-open-data.s3.amazonaws.com/photos/285680037/medium.jpeg
165072945,https://www.inaturalist.org/observations/165072945,https://inaturalist-open-data.s3.amazonaws.com/photos/285700335/medium.jpeg
165082936,https://www.inaturalist.org/observations/165082936,https://inaturalist-open-data.s3.amazonaws.com/photos/285720858/medium.jpeg
165129461,https://www.inaturalist.org/observations/165129461,https://inaturalist-open-data.s3.amazonaws.com/photos/285802475/medium.jpeg
165134418,https://www.inaturalist.org/observations/165134418,https://inaturalist-open-data.s3.amazonaws.com/photos/285814132/medium.jpeg
165144653,https://www.inaturalist.org/observations/165144653,https://inaturalist-open-data.s3.amazonaws.com/photos/285830716/medium.jpeg
165162080,https://www.inaturalist.org/observations/165162080,https://inaturalist-open-data.s3.amazonaws.com/photos/285848163/medium.jpeg
165326785,https://www.inaturalist.org/observations/165326785,https://inaturalist-open-data.s3.amazonaws.com/photos/286163527/medium.jpeg
165649027,https://www.inaturalist.org/observations/165649027,https://inaturalist-open-data.s3.amazonaws.com/photos/286764206/medium.jpeg
165796841,https://www.inaturalist.org/observations/165796841,https://inaturalist-open-data.s3.amazonaws.com/photos/287026715/medium.jpeg
166800732,https://www.inaturalist.org/observations/166800732,https://inaturalist-open-data.s3.amazonaws.com/photos/288879579/medium.jpg
167434072,https://www.inaturalist.org/observations/167434072,https://inaturalist-open-data.s3.amazonaws.com/photos/290047000/medium.jpeg
167719194,https://www.inaturalist.org/observations/167719194,https://inaturalist-open-data.s3.amazonaws.com/photos/290571889/medium.jpeg
167770964,https://www.inaturalist.org/observations/167770964,https://inaturalist-open-data.s3.amazonaws.com/photos/290666508/medium.jpeg
167797016,https://www.inaturalist.org/observations/167797016,https://inaturalist-open-data.s3.amazonaws.com/photos/290723994/medium.jpeg
167799266,https://www.inaturalist.org/observations/167799266,https://inaturalist-open-data.s3.amazonaws.com/photos/290727970/medium.jpeg
167804624,https://www.inaturalist.org/observations/167804624,https://inaturalist-open-data.s3.amazonaws.com/photos/290738143/medium.jpeg
167817797,https://www.inaturalist.org/observations/167817797,https://inaturalist-open-data.s3.amazonaws.com/photos/290761522/medium.jpeg
167872754,https://www.inaturalist.org/observations/167872754,https://inaturalist-open-data.s3.amazonaws.com/photos/290861057/medium.jpeg
167901687,https://www.inaturalist.org/observations/167901687,https://inaturalist-open-data.s3.amazonaws.com/photos/290908943/medium.jpeg
168234916,https://www.inaturalist.org/observations/168234916,https://inaturalist-open-data.s3.amazonaws.com/photos/291534805/medium.jpg
168575690,https://www.inaturalist.org/observations/168575690,https://inaturalist-open-data.s3.amazonaws.com/photos/292164172/medium.jpeg
168776852,https://www.inaturalist.org/observations/168776852,https://inaturalist-open-data.s3.amazonaws.com/photos/292546384/medium.jpg
169292777,https://www.inaturalist.org/observations/169292777,https://inaturalist-open-data.s3.amazonaws.com/photos/293486496/medium.jpeg
170015600,https://www.inaturalist.org/observations/170015600,https://inaturalist-open-data.s3.amazonaws.com/photos/294810826/medium.jpeg
170845971,https://www.inaturalist.org/observations/170845971,https://inaturalist-open-data.s3.amazonaws.com/photos/296385451/medium.jpg
170847379,https://www.inaturalist.org/observations/170847379,https://inaturalist-open-data.s3.amazonaws.com/photos/296388329/medium.jpg
170847424,https://www.inaturalist.org/observations/170847424,https://inaturalist-open-data.s3.amazonaws.com/photos/296388418/medium.jpg
172212960,https://www.inaturalist.org/observations/172212960,https://inaturalist-open-data.s3.amazonaws.com/photos/298923375/medium.jpeg
172216316,https://www.inaturalist.org/observations/172216316,https://inaturalist-open-data.s3.amazonaws.com/photos/298927296/medium.jpeg
172225365,https://www.inaturalist.org/observations/172225365,https://inaturalist-open-data.s3.amazonaws.com/photos/298944475/medium.jpeg
172272199,https://www.inaturalist.org/observations/172272199,https://inaturalist-open-data.s3.amazonaws.com/photos/299039640/medium.jpg
172546449,https://www.inaturalist.org/observations/172546449,https://inaturalist-open-data.s3.amazonaws.com/photos/299543306/medium.jpeg
172550940,https://www.inaturalist.org/observations/172550940,https://inaturalist-open-data.s3.amazonaws.com/photos/299551482/medium.jpeg
172550966,https://www.inaturalist.org/observations/172550966,https://inaturalist-open-data.s3.amazonaws.com/photos/299552485/medium.jpeg
172736116,https://www.inaturalist.org/observations/172736116,https://inaturalist-open-data.s3.amazonaws.com/photos/299898382/medium.jpg
173291269,https://www.inaturalist.org/observations/173291269,https://inaturalist-open-data.s3.amazonaws.com/photos/300924139/medium.jpeg
173711816,https://www.inaturalist.org/observations/173711816,https://inaturalist-open-data.s3.amazonaws.com/photos/301701330/medium.jpeg
173714931,https://www.inaturalist.org/observations/173714931,https://inaturalist-open-data.s3.amazonaws.com/photos/301705947/medium.jpeg
174033021,https://www.inaturalist.org/observations/174033021,https://inaturalist-open-data.s3.amazonaws.com/photos/302297071/medium.jpg
174778814,https://www.inaturalist.org/observations/174778814,https://inaturalist-open-data.s3.amazonaws.com/photos/303677033/medium.jpeg
175292068,https://www.inaturalist.org/observations/175292068,https://inaturalist-open-data.s3.amazonaws.com/photos/304623572/medium.jpeg
176914560,https://www.inaturalist.org/observations/176914560,https://inaturalist-open-data.s3.amazonaws.com/photos/307631153/medium.jpeg
180213032,https://www.inaturalist.org/observations/180213032,https://inaturalist-open-data.s3.amazonaws.com/photos/313874240/medium.jpeg
181486036,https://www.inaturalist.org/observations/181486036,https://inaturalist-open-data.s3.amazonaws.com/photos/316262225/medium.jpeg
181830330,https://www.inaturalist.org/observations/181830330,https://inaturalist-open-data.s3.amazonaws.com/photos/316917073/medium.jpg
182086815,https://www.inaturalist.org/observations/182086815,https://inaturalist-open-data.s3.amazonaws.com/photos/317410006/medium.jpg
182099321,https://www.inaturalist.org/observations/182099321,https://inaturalist-open-data.s3.amazonaws.com/photos/317426654/medium.jpg
182369585,https://www.inaturalist.org/observations/182369585,https://inaturalist-open-data.s3.amazonaws.com/photos/317953839/medium.jpg
182910977,https://www.inaturalist.org/observations/182910977,https://inaturalist-open-data.s3.amazonaws.com/photos/319007111/medium.jpeg
183140752,https://www.inaturalist.org/observations/183140752,https://inaturalist-open-data.s3.amazonaws.com/photos/319457862/medium.jpeg
183148958,https://www.inaturalist.org/observations/183148958,https://inaturalist-open-data.s3.amazonaws.com/photos/319473574/medium.jpeg
183148968,https://www.inaturalist.org/observations/183148968,https://inaturalist-open-data.s3.amazonaws.com/photos/319473688/medium.jpeg
183150241,https://www.inaturalist.org/observations/183150241,https://inaturalist-open-data.s3.amazonaws.com/photos/319477201/medium.jpeg
183184037,https://www.inaturalist.org/observations/183184037,https://inaturalist-open-data.s3.amazonaws.com/photos/319545873/medium.jpeg
183277389,https://www.inaturalist.org/observations/183277389,https://inaturalist-open-data.s3.amazonaws.com/photos/319718237/medium.jpg
184340332,https://www.inaturalist.org/observations/184340332,https://inaturalist-open-data.s3.amazonaws.com/photos/321761148/medium.jpeg
184341768,https://www.inaturalist.org/observations/184341768,https://inaturalist-open-data.s3.amazonaws.com/photos/321764290/medium.jpeg
184346196,https://www.inaturalist.org/observations/184346196,https://inaturalist-open-data.s3.amazonaws.com/photos/321770071/medium.jpeg
184450665,https://www.inaturalist.org/observations/184450665,https://inaturalist-open-data.s3.amazonaws.com/photos/321965875/medium.jpg
184629428,https://www.inaturalist.org/observations/184629428,https://inaturalist-open-data.s3.amazonaws.com/photos/322310035/medium.jpeg
184757290,https://www.inaturalist.org/observations/184757290,https://inaturalist-open-data.s3.amazonaws.com/photos/322548385/medium.jpeg
184878668,https://www.inaturalist.org/observations/184878668,https://inaturalist-open-data.s3.amazonaws.com/photos/322775779/medium.jpg
184940834,https://www.inaturalist.org/observations/184940834,https://inaturalist-open-data.s3.amazonaws.com/photos/322891339/medium.jpeg
185056469,https://www.inaturalist.org/observations/185056469,https://inaturalist-open-data.s3.amazonaws.com/photos/323124606/medium.jpg
185274753,https://www.inaturalist.org/observations/185274753,https://inaturalist-open-data.s3.amazonaws.com/photos/323555104/medium.jpg
185324639,https://www.inaturalist.org/observations/185324639,https://inaturalist-open-data.s3.amazonaws.com/photos/323644112/medium.jpg
185458770,https://www.inaturalist.org/observations/185458770,https://inaturalist-open-data.s3.amazonaws.com/photos/323894562/medium.jpg
185463431,https://www.inaturalist.org/observations/185463431,https://inaturalist-open-data.s3.amazonaws.com/photos/323906533/medium.jpg
185940354,https://www.inaturalist.org/observations/185940354,https://inaturalist-open-data.s3.amazonaws.com/photos/324829829/medium.jpg
185942005,https://www.inaturalist.org/observations/185942005,https://inaturalist-open-data.s3.amazonaws.com/photos/324832354/medium.jpg
185946110,https://www.inaturalist.org/observations/185946110,https://inaturalist-open-data.s3.amazonaws.com/photos/324835915/medium.jpg
185970554,https://www.inaturalist.org/observations/185970554,https://inaturalist-open-data.s3.amazonaws.com/photos/324890712/medium.jpg
185995192,https://www.inaturalist.org/observations/185995192,https://inaturalist-open-data.s3.amazonaws.com/photos/324942298/medium.jpg
186087771,https://www.inaturalist.org/observations/186087771,https://inaturalist-open-data.s3.amazonaws.com/photos/325121480/medium.jpg
186097312,https://www.inaturalist.org/observations/186097312,https://inaturalist-open-data.s3.amazonaws.com/photos/325138518/medium.jpg
186101743,https://www.inaturalist.org/observations/186101743,https://inaturalist-open-data.s3.amazonaws.com/photos/325150335/medium.jpg
186212435,https://www.inaturalist.org/observations/186212435,https://inaturalist-open-data.s3.amazonaws.com/photos/325368089/medium.jpg
186212846,https://www.inaturalist.org/observations/186212846,https://inaturalist-open-data.s3.amazonaws.com/photos/325370706/medium.jpg
186297053,https://www.inaturalist.org/observations/186297053,https://inaturalist-open-data.s3.amazonaws.com/photos/325538393/medium.jpg
186367594,https://www.inaturalist.org/observations/186367594,https://inaturalist-open-data.s3.amazonaws.com/photos/325678223/medium.jpeg
186421553,https://www.inaturalist.org/observations/186421553,https://inaturalist-open-data.s3.amazonaws.com/photos/325782452/medium.jpeg
186454123,https://www.inaturalist.org/observations/186454123,https://inaturalist-open-data.s3.amazonaws.com/photos/325840953/medium.jpg
186455326,https://www.inaturalist.org/observations/186455326,https://inaturalist-open-data.s3.amazonaws.com/photos/325846448/medium.jpg
186459363,https://www.inaturalist.org/observations/186459363,https://inaturalist-open-data.s3.amazonaws.com/photos/325850710/medium.jpg
186466659,https://www.inaturalist.org/observations/186466659,https://inaturalist-open-data.s3.amazonaws.com/photos/325870921/medium.jpg
186476444,https://www.inaturalist.org/observations/186476444,https://inaturalist-open-data.s3.amazonaws.com/photos/325888591/medium.jpg
186477702,https://www.inaturalist.org/observations/186477702,https://inaturalist-open-data.s3.amazonaws.com/photos/325888528/medium.jpg
186698580,https://www.inaturalist.org/observations/186698580,https://inaturalist-open-data.s3.amazonaws.com/photos/326324684/medium.jpg
186896955,https://www.inaturalist.org/observations/186896955,https://inaturalist-open-data.s3.amazonaws.com/photos/326714115/medium.jpg
186898061,https://www.inaturalist.org/observations/186898061,https://inaturalist-open-data.s3.amazonaws.com/photos/326711429/medium.jpg
187032933,https://www.inaturalist.org/observations/187032933,https://inaturalist-open-data.s3.amazonaws.com/photos/326991417/medium.jpg
187034556,https://www.inaturalist.org/observations/187034556,https://inaturalist-open-data.s3.amazonaws.com/photos/326993598/medium.jpg
187037494,https://www.inaturalist.org/observations/187037494,https://inaturalist-open-data.s3.amazonaws.com/photos/327000823/medium.jpg
187056187,https://www.inaturalist.org/observations/187056187,https://inaturalist-open-data.s3.amazonaws.com/photos/327038379/medium.jpg
187155620,https://www.inaturalist.org/observations/187155620,https://inaturalist-open-data.s3.amazonaws.com/photos/327232965/medium.jpg
187164006,https://www.inaturalist.org/observations/187164006,https://inaturalist-open-data.s3.amazonaws.com/photos/327250318/medium.jpg
187181148,https://www.inaturalist.org/observations/187181148,https://inaturalist-open-data.s3.amazonaws.com/photos/327284689/medium.jpg
187400071,https://www.inaturalist.org/observations/187400071,https://inaturalist-open-data.s3.amazonaws.com/photos/327712341/medium.jpg
188230526,https://www.inaturalist.org/observations/188230526,https://inaturalist-open-data.s3.amazonaws.com/photos/329380734/medium.jpeg
188439663,https://www.inaturalist.org/observations/188439663,https://inaturalist-open-data.s3.amazonaws.com/photos/329811283/medium.jpeg
191633491,https://www.inaturalist.org/observations/191633491,https://inaturalist-open-data.s3.amazonaws.com/photos/336225234/medium.jpeg
